customer_id,gender,age,tariff,tenure_months,monthly_fee,support_calls,has_debt,churn
CUST0001,Male,34,Basic,4,399,4,0,0
CUST0002,Female,26,Premium,30,961,1,0,0
CUST0003,Male,50,Basic,6,436,1,0,1
CUST0004,Male,37,Basic,46,306,1,0,0
CUST0005,Male,30,Premium,54,1125,1,0,0
CUST0006,Female,45,Premium,19,827,1,0,0
CUST0007,Male,65,Premium,32,1155,3,0,0
CUST0008,Male,46,Premium,9,1034,1,0,0
CUST0009,Male,30,Standard,12,548,1,0,0
CUST0010,Female,63,Standard,11,637,0,0,0
CUST0011,Male,52,Basic,46,343,3,0,1
CUST0012,Male,23,Standard,55,512,0,1,1
CUST0013,Male,35,Basic,16,401,0,0,0
CUST0014,Male,68,Basic,1,380,2,0,0
CUST0015,Female,22,Standard,45,610,1,0,0
CUST0016,Male,64,Standard,55,767,3,0,1
CUST0017,Female,42,Basic,53,415,1,0,0
CUST0018,Female,19,Basic,21,470,0,0,0
CUST0019,Female,27,Standard,30,729,5,1,0
CUST0020,Male,47,Basic,13,383,1,0,0
CUST0021,Female,67,Premium,34,903,2,0,0
CUST0022,Male,62,Standard,4,685,2,0,1
CUST0023,Female,22,Standard,28,669,0,0,0
CUST0024,Female,50,Standard,38,721,0,0,0
CUST0025,Female,18,Premium,58,1190,1,0,0
CUST0026,Female,35,Basic,31,452,3,0,0
CUST0027,Female,49,Standard,59,506,1,1,1
CUST0028,Female,64,Standard,55,625,2,0,1
CUST0029,Female,66,Basic,27,315,0,1,1
CUST0030,Female,28,Premium,5,1027,2,0,1
CUST0031,Male,38,Standard,25,659,0,0,0
CUST0032,Male,43,Standard,3,724,1,0,0
CUST0033,Female,42,Premium,33,1013,0,0,0
CUST0034,Female,39,Premium,4,903,1,1,0
CUST0035,Female,44,Standard,25,656,1,0,0
CUST0036,Male,66,Premium,20,878,0,0,1
CUST0037,Female,30,Standard,34,717,1,0,0
CUST0038,Male,50,Standard,26,603,1,0,0
CUST0039,Male,51,Standard,5,632,1,1,1
CUST0040,Male,58,Standard,35,642,2,0,0
CUST0041,Male,52,Basic,28,327,1,0,0
CUST0042,Male,18,Premium,29,889,3,0,0
CUST0043,Female,38,Premium,9,824,1,1,0
CUST0044,Female,65,Basic,52,437,0,0,1
CUST0045,Female,23,Premium,38,1150,2,0,0
CUST0046,Female,45,Basic,50,455,3,0,0
CUST0047,Female,34,Basic,6,351,2,0,0
CUST0048,Male,22,Standard,19,687,1,0,1
CUST0049,Female,48,Basic,44,346,1,0,0
CUST0050,Female,22,Premium,57,1169,2,0,0
CUST0051,Male,55,Premium,11,1107,2,0,0
CUST0052,Female,20,Standard,2,747,2,0,0
CUST0053,Male,40,Basic,47,460,2,0,0
CUST0054,Female,54,Basic,44,360,2,0,0
CUST0055,Male,54,Standard,44,793,6,1,0
CUST0056,Female,27,Premium,9,877,0,1,0
CUST0057,Female,27,Standard,21,722,2,0,0
CUST0058,Male,36,Basic,24,302,2,0,0
CUST0059,Male,34,Standard,34,734,0,0,0
CUST0060,Male,38,Standard,22,708,2,0,0
CUST0061,Male,31,Standard,3,549,1,0,0
CUST0062,Male,26,Basic,12,394,1,0,0
CUST0063,Male,63,Standard,28,771,4,0,0
CUST0064,Male,18,Standard,30,751,3,1,0
CUST0065,Male,68,Premium,26,889,1,0,0
CUST0066,Female,62,Basic,48,489,0,0,0
CUST0067,Female,30,Standard,21,773,0,0,0
CUST0068,Male,21,Premium,28,1189,0,0,0
CUST0069,Female,18,Basic,56,303,2,0,0
CUST0070,Female,66,Premium,26,924,2,0,0
CUST0071,Female,57,Standard,33,772,5,0,1
CUST0072,Female,49,Basic,21,342,1,0,0
CUST0073,Male,51,Basic,35,493,0,1,0
CUST0074,Female,45,Standard,52,507,1,0,0
CUST0075,Male,48,Basic,34,393,2,0,1
CUST0076,Female,25,Standard,41,583,1,0,0
CUST0077,Female,56,Basic,51,385,3,0,0
CUST0078,Female,43,Standard,47,636,2,0,0
CUST0079,Male,51,Basic,18,335,1,0,0
CUST0080,Female,20,Premium,58,970,3,1,0
CUST0081,Male,67,Premium,11,1159,0,1,0
CUST0082,Female,29,Premium,57,890,0,0,1
CUST0083,Male,18,Standard,23,600,1,1,1
CUST0084,Female,61,Basic,48,420,4,0,0
CUST0085,Male,22,Standard,22,727,2,0,0
CUST0086,Male,47,Basic,17,481,0,0,0
CUST0087,Female,47,Basic,5,454,1,0,0
CUST0088,Male,34,Basic,44,459,1,0,0
CUST0089,Female,65,Standard,11,740,2,0,0
CUST0090,Female,64,Standard,30,616,3,0,0
CUST0091,Female,40,Standard,15,598,3,0,0
CUST0092,Female,32,Standard,27,590,3,0,0
CUST0093,Female,54,Basic,35,316,1,1,1
CUST0094,Female,38,Premium,33,890,1,0,0
CUST0095,Female,31,Standard,20,613,1,0,0
CUST0096,Female,19,Standard,16,653,0,0,0
CUST0097,Female,28,Basic,34,447,2,0,0
CUST0098,Female,68,Standard,2,702,1,0,0
CUST0099,Female,56,Standard,35,692,3,0,0
CUST0100,Male,55,Basic,40,397,2,0,0
CUST0101,Male,51,Basic,56,367,1,0,0
CUST0102,Female,55,Standard,28,648,1,0,0
CUST0103,Female,67,Standard,47,781,2,0,0
CUST0104,Female,51,Basic,39,446,0,0,0
CUST0105,Female,35,Premium,6,839,3,0,0
CUST0106,Female,47,Basic,9,432,1,1,0
CUST0107,Female,32,Standard,20,583,0,0,0
CUST0108,Female,44,Premium,1,1020,0,0,0
CUST0109,Female,68,Standard,8,540,1,0,0
CUST0110,Male,51,Standard,55,611,0,0,0
CUST0111,Female,69,Basic,23,345,2,1,0
CUST0112,Male,55,Basic,3,494,1,0,0
CUST0113,Female,50,Premium,4,963,0,0,1
CUST0114,Female,41,Standard,58,523,0,0,0
CUST0115,Male,32,Premium,25,980,1,0,1
CUST0116,Female,47,Basic,47,415,0,0,0
CUST0117,Male,59,Basic,38,368,2,0,0
CUST0118,Female,68,Basic,15,361,1,0,0
CUST0119,Female,34,Standard,21,553,2,0,0
CUST0120,Male,22,Basic,35,400,1,0,0
CUST0121,Female,46,Premium,57,884,0,1,0
CUST0122,Male,21,Standard,53,711,1,0,0
CUST0123,Female,27,Premium,53,1141,6,0,0
CUST0124,Male,34,Basic,46,346,2,0,0
CUST0125,Male,27,Premium,52,989,1,0,0
CUST0126,Female,34,Standard,14,524,2,0,0
CUST0127,Female,37,Standard,36,705,3,0,0
CUST0128,Male,41,Premium,12,1173,1,0,0
CUST0129,Female,22,Standard,17,515,3,0,0
CUST0130,Female,51,Standard,39,648,0,0,1
CUST0131,Female,23,Basic,9,315,2,1,1
CUST0132,Male,19,Basic,35,469,0,0,0
CUST0133,Male,30,Premium,13,1054,3,0,0
CUST0134,Male,60,Standard,15,638,2,0,0
CUST0135,Male,60,Standard,18,547,4,0,0
CUST0136,Male,65,Standard,51,622,1,0,0
CUST0137,Male,28,Basic,33,401,3,0,0
CUST0138,Male,68,Basic,6,490,0,0,1
CUST0139,Male,64,Standard,59,580,2,0,1
CUST0140,Male,40,Standard,27,693,1,0,0
CUST0141,Female,33,Basic,23,314,1,0,0
CUST0142,Male,48,Standard,59,500,0,0,0
CUST0143,Female,28,Basic,27,466,1,0,1
CUST0144,Female,33,Standard,34,750,0,0,0
CUST0145,Female,25,Basic,56,372,0,0,0
CUST0146,Male,21,Standard,46,744,2,0,0
CUST0147,Male,57,Basic,38,380,0,0,1
CUST0148,Male,21,Standard,14,674,0,0,0
CUST0149,Male,42,Basic,36,482,3,0,0
CUST0150,Female,20,Basic,53,380,2,0,1
CUST0151,Male,49,Basic,8,331,1,0,0
CUST0152,Male,20,Standard,35,542,4,0,0
CUST0153,Male,44,Standard,19,577,2,0,0
CUST0154,Male,46,Basic,30,332,3,0,0
CUST0155,Male,49,Standard,14,746,2,0,0
CUST0156,Female,67,Premium,59,1138,1,0,1
CUST0157,Male,68,Standard,20,782,2,0,0
CUST0158,Female,36,Basic,49,433,3,0,0
CUST0159,Male,38,Standard,25,646,2,1,1
CUST0160,Female,22,Basic,40,379,1,0,0
CUST0161,Male,35,Basic,24,447,2,0,1
CUST0162,Male,45,Premium,14,1170,2,0,0
CUST0163,Female,59,Basic,26,356,1,0,0
CUST0164,Female,39,Standard,38,613,1,0,0
CUST0165,Female,38,Standard,23,678,0,0,0
CUST0166,Male,23,Standard,22,623,1,0,0
CUST0167,Female,18,Standard,48,625,0,0,0
CUST0168,Male,22,Basic,57,374,2,0,0
CUST0169,Male,58,Basic,19,444,2,0,0
CUST0170,Female,29,Standard,46,568,2,0,0
CUST0171,Female,43,Basic,51,419,0,0,0
CUST0172,Male,63,Basic,3,361,2,0,1
CUST0173,Male,51,Basic,42,318,2,0,0
CUST0174,Female,66,Basic,19,422,3,0,0
CUST0175,Female,31,Basic,9,495,3,0,1
CUST0176,Female,43,Basic,28,383,3,0,0
CUST0177,Male,62,Standard,20,714,2,0,0
CUST0178,Male,44,Standard,45,627,2,1,0
CUST0179,Male,26,Premium,7,1079,0,1,1
CUST0180,Male,43,Basic,14,381,2,0,0
CUST0181,Male,64,Basic,9,356,2,0,0
CUST0182,Male,39,Basic,59,456,2,0,0
CUST0183,Female,64,Standard,55,505,0,0,0
CUST0184,Male,47,Standard,57,668,0,0,0
CUST0185,Male,60,Basic,19,468,2,0,0
CUST0186,Male,65,Premium,47,897,1,1,0
CUST0187,Female,34,Basic,52,388,2,0,0
CUST0188,Male,43,Standard,14,623,2,0,0
CUST0189,Male,53,Standard,56,665,4,0,0
CUST0190,Female,18,Premium,38,1018,0,0,0
CUST0191,Male,25,Standard,53,729,1,0,0
CUST0192,Male,66,Premium,36,907,0,0,0
CUST0193,Male,52,Basic,40,446,0,0,1
CUST0194,Male,69,Premium,17,1122,0,0,0
CUST0195,Male,32,Basic,30,433,1,0,0
CUST0196,Female,64,Premium,9,1151,2,1,0
CUST0197,Female,39,Standard,33,732,0,0,0
CUST0198,Female,31,Premium,56,864,1,0,0
CUST0199,Male,43,Standard,52,653,3,0,0
CUST0200,Male,45,Standard,25,578,1,0,1
CUST0201,Male,40,Standard,14,547,3,0,0
CUST0202,Female,31,Standard,11,597,3,1,0
CUST0203,Male,41,Basic,53,327,2,0,0
CUST0204,Male,19,Basic,35,348,1,0,1
CUST0205,Female,62,Basic,41,382,1,0,0
CUST0206,Male,43,Basic,59,345,1,0,0
CUST0207,Female,31,Premium,14,965,1,0,0
CUST0208,Female,68,Basic,30,444,0,0,0
CUST0209,Female,24,Premium,41,1140,2,0,0
CUST0210,Male,20,Basic,4,426,1,0,1
CUST0211,Male,64,Basic,59,392,3,1,0
CUST0212,Male,40,Standard,4,772,2,0,0
CUST0213,Male,63,Standard,28,540,2,0,0
CUST0214,Male,60,Standard,8,711,0,0,0
CUST0215,Male,64,Standard,2,744,2,0,1
CUST0216,Male,62,Standard,41,546,1,0,0
CUST0217,Female,35,Basic,46,409,3,0,0
CUST0218,Male,55,Premium,22,1095,2,1,1
CUST0219,Female,52,Premium,41,1130,0,0,0
CUST0220,Male,68,Standard,56,593,4,0,0
CUST0221,Male,32,Basic,55,437,2,1,0
CUST0222,Male,42,Standard,16,663,3,0,0
CUST0223,Female,54,Basic,29,376,0,0,0
CUST0224,Female,45,Basic,49,401,1,0,0
CUST0225,Female,27,Basic,48,307,2,0,0
CUST0226,Female,56,Standard,30,606,2,0,0
CUST0227,Male,34,Premium,12,1152,1,0,0
CUST0228,Female,56,Standard,35,536,1,0,0
CUST0229,Male,39,Standard,11,555,1,1,0
CUST0230,Male,43,Standard,46,757,2,0,1
CUST0231,Female,61,Basic,50,406,3,0,0
CUST0232,Female,42,Basic,21,467,3,0,0
CUST0233,Female,34,Premium,21,1134,1,1,0
CUST0234,Female,30,Basic,5,391,1,0,1
CUST0235,Female,37,Premium,48,938,1,1,0
CUST0236,Female,42,Standard,20,684,3,0,0
CUST0237,Female,21,Standard,37,713,3,0,0
CUST0238,Female,27,Standard,3,560,2,0,0
CUST0239,Male,20,Standard,44,587,1,0,0
CUST0240,Female,58,Premium,33,1041,0,0,0
CUST0241,Female,62,Premium,53,837,1,0,0
CUST0242,Male,35,Standard,9,632,1,0,0
CUST0243,Female,64,Basic,9,391,1,0,0
CUST0244,Male,53,Standard,4,608,2,0,0
CUST0245,Male,64,Premium,35,1090,3,0,0
CUST0246,Female,39,Basic,17,495,3,0,0
CUST0247,Male,51,Standard,34,639,1,0,0
CUST0248,Male,64,Standard,24,733,2,0,0
CUST0249,Male,25,Standard,32,776,1,0,1
CUST0250,Male,57,Basic,1,362,2,0,0
CUST0251,Female,66,Standard,8,736,0,0,0
CUST0252,Male,61,Premium,45,854,1,0,0
CUST0253,Female,36,Basic,23,395,0,0,0
CUST0254,Male,59,Basic,47,476,1,0,0
CUST0255,Male,58,Premium,40,1116,1,0,1
CUST0256,Male,54,Basic,12,436,1,0,0
CUST0257,Male,23,Premium,54,949,0,0,0
CUST0258,Female,69,Standard,12,617,2,0,0
CUST0259,Female,43,Basic,46,469,1,0,0
CUST0260,Male,51,Premium,47,1084,3,0,0
CUST0261,Male,62,Standard,15,586,0,0,0
CUST0262,Female,23,Standard,41,545,1,0,0
CUST0263,Male,54,Basic,19,411,4,0,0
CUST0264,Male,50,Standard,26,584,1,0,0
CUST0265,Male,39,Basic,52,407,0,0,0
CUST0266,Female,38,Basic,29,449,1,0,0
CUST0267,Female,23,Premium,22,925,1,1,0
CUST0268,Female,23,Basic,40,459,2,0,0
CUST0269,Male,65,Standard,21,661,2,0,0
CUST0270,Male,21,Basic,51,327,3,0,0
CUST0271,Female,47,Standard,38,746,3,0,0
CUST0272,Female,28,Basic,20,426,2,0,0
CUST0273,Female,47,Premium,57,871,1,0,1
CUST0274,Female,48,Standard,29,636,3,1,0
CUST0275,Male,41,Basic,51,332,1,0,1
CUST0276,Female,26,Basic,4,373,1,0,0
CUST0277,Male,20,Basic,55,440,1,0,0
CUST0278,Female,68,Standard,7,592,1,0,0
CUST0279,Male,48,Basic,28,347,1,0,0
CUST0280,Female,57,Premium,28,927,0,0,1
CUST0281,Female,54,Standard,4,781,3,0,0
CUST0282,Female,53,Basic,22,370,3,0,0
CUST0283,Female,41,Standard,12,506,3,0,0
CUST0284,Male,48,Standard,45,602,2,0,0
CUST0285,Female,23,Basic,3,492,1,0,0
CUST0286,Male,19,Basic,22,316,1,0,0
CUST0287,Male,37,Basic,44,430,1,0,0
CUST0288,Male,45,Standard,2,781,2,0,0
CUST0289,Male,28,Standard,24,524,0,1,0
CUST0290,Female,21,Standard,34,572,0,1,0
CUST0291,Male,32,Premium,27,885,2,0,0
CUST0292,Male,23,Premium,55,1032,0,0,0
CUST0293,Male,66,Standard,41,705,4,0,0
CUST0294,Female,47,Premium,1,1186,0,0,0
CUST0295,Female,55,Basic,8,438,0,0,0
CUST0296,Female,68,Basic,23,356,1,0,0
CUST0297,Female,19,Basic,38,478,1,0,0
CUST0298,Male,32,Basic,6,435,4,0,0
CUST0299,Male,28,Standard,22,791,1,0,1
CUST0300,Female,25,Premium,25,972,1,0,0
CUST0301,Male,43,Basic,18,381,2,0,0
CUST0302,Male,68,Basic,17,319,1,1,0
CUST0303,Male,62,Standard,12,502,5,0,1
CUST0304,Female,61,Premium,6,858,3,0,0
CUST0305,Female,22,Basic,26,482,4,0,0
CUST0306,Male,23,Standard,27,621,2,0,0
CUST0307,Female,43,Basic,8,395,1,0,0
CUST0308,Female,21,Basic,19,361,1,0,0
CUST0309,Female,36,Premium,42,923,2,0,0
CUST0310,Female,37,Premium,1,847,1,0,0
CUST0311,Female,50,Basic,57,452,2,0,0
CUST0312,Male,37,Premium,29,1113,2,0,0
CUST0313,Female,66,Standard,45,710,1,0,0
CUST0314,Male,29,Premium,49,858,1,0,0
CUST0315,Male,64,Standard,35,591,1,0,1
CUST0316,Female,18,Standard,40,719,3,0,0
CUST0317,Male,43,Standard,14,714,1,1,0
CUST0318,Male,31,Standard,35,563,2,0,0
CUST0319,Male,55,Basic,48,335,3,1,0
CUST0320,Female,54,Basic,45,469,1,0,0
CUST0321,Female,28,Basic,20,310,0,0,0
CUST0322,Male,53,Standard,56,603,3,1,0
CUST0323,Female,30,Basic,49,356,2,0,0
CUST0324,Female,60,Standard,13,593,1,0,0
CUST0325,Female,20,Premium,38,1194,2,0,0
CUST0326,Female,50,Basic,49,379,0,0,0
CUST0327,Male,23,Standard,46,677,0,1,1
CUST0328,Male,67,Standard,49,778,0,0,0
CUST0329,Female,27,Premium,8,1168,2,0,0
CUST0330,Female,22,Basic,43,427,0,0,0
CUST0331,Male,40,Standard,20,665,2,0,0
CUST0332,Male,27,Premium,33,972,1,0,0
CUST0333,Female,61,Premium,26,1068,1,0,0
CUST0334,Male,19,Standard,39,777,3,0,0
CUST0335,Female,30,Standard,21,706,1,0,0
CUST0336,Female,57,Standard,53,703,1,1,0
CUST0337,Male,19,Premium,49,964,0,0,0
CUST0338,Male,37,Standard,42,521,4,0,0
CUST0339,Female,18,Basic,43,424,0,0,0
CUST0340,Female,54,Premium,54,1115,4,0,0
CUST0341,Male,26,Standard,41,677,1,0,1
CUST0342,Female,34,Standard,9,716,2,1,1
CUST0343,Male,26,Basic,24,409,1,0,0
CUST0344,Female,28,Standard,37,603,1,1,0
CUST0345,Male,32,Basic,49,445,1,0,0
CUST0346,Male,41,Standard,41,681,1,0,0
CUST0347,Male,55,Basic,17,337,1,0,0
CUST0348,Female,52,Standard,24,639,1,0,1
CUST0349,Female,47,Premium,21,890,0,0,0
CUST0350,Male,48,Basic,51,360,3,1,1
CUST0351,Female,66,Premium,59,1068,1,0,0
CUST0352,Male,22,Standard,39,790,0,1,0
CUST0353,Male,61,Premium,55,885,3,0,0
CUST0354,Female,67,Standard,41,613,1,0,0
CUST0355,Female,31,Standard,39,682,2,0,0
CUST0356,Male,28,Standard,13,502,1,0,1
CUST0357,Female,26,Premium,11,937,2,1,0
CUST0358,Female,51,Standard,46,524,1,0,0
CUST0359,Male,29,Basic,19,360,2,0,0
CUST0360,Male,52,Standard,11,670,4,0,0
CUST0361,Female,52,Premium,13,1075,0,0,0
CUST0362,Male,18,Standard,46,710,1,0,0
CUST0363,Male,57,Standard,45,638,0,0,0
CUST0364,Female,39,Standard,1,527,0,0,0
CUST0365,Male,46,Premium,40,948,2,0,0
CUST0366,Male,25,Basic,44,311,0,0,0
CUST0367,Female,28,Standard,19,669,1,0,0
CUST0368,Female,58,Basic,12,452,0,0,0
CUST0369,Male,54,Basic,8,331,0,0,0
CUST0370,Male,31,Basic,8,354,3,0,0
CUST0371,Female,47,Basic,53,419,3,0,1
CUST0372,Female,52,Standard,45,632,1,0,0
CUST0373,Female,38,Basic,12,468,3,0,0
CUST0374,Female,54,Standard,48,563,1,0,0
CUST0375,Male,22,Basic,33,303,5,0,0
CUST0376,Female,36,Basic,45,403,1,0,0
CUST0377,Female,31,Basic,26,474,3,0,0
CUST0378,Male,43,Basic,39,473,1,0,0
CUST0379,Female,21,Standard,28,558,2,0,0
CUST0380,Male,42,Standard,58,795,1,0,0
CUST0381,Female,62,Standard,5,721,2,0,0
CUST0382,Female,59,Standard,8,655,0,0,0
CUST0383,Female,42,Basic,25,389,2,0,0
CUST0384,Male,35,Premium,27,1029,1,0,0
CUST0385,Male,57,Standard,46,791,1,0,0
CUST0386,Female,25,Standard,23,798,2,0,1
CUST0387,Male,56,Basic,30,447,1,0,0
CUST0388,Male,57,Basic,45,339,2,0,0
CUST0389,Male,31,Basic,47,383,0,0,0
CUST0390,Male,49,Basic,23,473,0,0,0
CUST0391,Male,68,Standard,49,738,2,0,0
CUST0392,Male,55,Standard,47,714,1,1,0
CUST0393,Female,50,Standard,20,678,1,0,0
CUST0394,Female,40,Standard,18,733,4,0,0
CUST0395,Male,32,Premium,18,1006,2,0,0
CUST0396,Female,50,Standard,2,721,1,1,0
CUST0397,Female,42,Premium,4,1108,1,0,0
CUST0398,Female,34,Basic,30,418,1,0,1
CUST0399,Female,50,Basic,33,363,2,0,0
CUST0400,Male,64,Basic,36,456,1,0,1
CUST0401,Female,19,Standard,18,570,3,1,0
CUST0402,Female,31,Premium,37,1050,0,0,0
CUST0403,Male,57,Basic,19,319,0,0,1
CUST0404,Male,57,Premium,47,1070,4,1,1
CUST0405,Female,68,Basic,28,383,2,0,0
CUST0406,Female,56,Premium,40,1095,2,0,0
CUST0407,Female,68,Basic,20,355,1,0,0
CUST0408,Female,23,Basic,49,435,3,0,0
CUST0409,Female,23,Standard,33,559,3,0,0
CUST0410,Female,20,Basic,12,338,2,0,0
CUST0411,Male,24,Basic,58,463,0,0,1
CUST0412,Female,68,Basic,51,335,0,0,0
CUST0413,Female,25,Premium,15,1022,0,0,0
CUST0414,Male,59,Standard,41,665,1,0,0
CUST0415,Male,69,Basic,39,387,0,1,0
CUST0416,Male,32,Standard,2,510,2,0,0
CUST0417,Male,64,Standard,29,689,0,0,1
CUST0418,Female,46,Basic,41,309,4,1,0
CUST0419,Female,50,Standard,10,611,0,0,0
CUST0420,Female,69,Basic,2,489,0,0,0
CUST0421,Female,47,Basic,51,356,0,0,0
CUST0422,Female,56,Standard,11,725,2,0,0
CUST0423,Female,44,Basic,13,321,0,0,0
CUST0424,Male,53,Standard,10,605,2,1,0
CUST0425,Female,46,Standard,14,666,1,0,0
CUST0426,Male,55,Basic,18,380,2,0,0
CUST0427,Male,50,Standard,51,647,1,0,0
CUST0428,Female,54,Basic,54,381,2,0,0
CUST0429,Male,44,Premium,9,1010,3,0,0
CUST0430,Female,50,Standard,57,748,0,0,0
CUST0431,Male,21,Premium,39,1199,3,0,0
CUST0432,Female,39,Standard,28,794,3,0,1
CUST0433,Male,19,Basic,3,486,2,0,0
CUST0434,Female,27,Standard,20,728,1,0,0
CUST0435,Female,22,Premium,6,1145,1,0,0
CUST0436,Female,27,Standard,27,594,3,0,0
CUST0437,Female,50,Premium,53,871,2,0,0
CUST0438,Female,55,Premium,2,986,1,0,0
CUST0439,Male,30,Basic,29,490,2,1,0
CUST0440,Male,48,Basic,38,352,0,0,0
CUST0441,Male,64,Standard,3,595,0,1,0
CUST0442,Female,53,Standard,16,684,3,0,0
CUST0443,Male,62,Premium,30,1193,1,1,0
CUST0444,Female,41,Premium,40,986,2,0,0
CUST0445,Female,69,Basic,2,375,1,1,0
CUST0446,Male,32,Basic,17,330,1,0,0
CUST0447,Male,46,Standard,41,626,1,0,0
CUST0448,Female,25,Basic,12,383,4,1,0
CUST0449,Male,22,Premium,35,1075,0,0,0
CUST0450,Female,46,Standard,43,772,1,0,0
CUST0451,Female,64,Standard,1,718,3,0,0
CUST0452,Female,21,Basic,55,322,0,1,0
CUST0453,Female,29,Standard,45,610,1,0,0
CUST0454,Female,62,Standard,15,728,1,0,0
CUST0455,Male,19,Standard,26,771,0,0,0
CUST0456,Male,44,Basic,37,301,3,0,0
CUST0457,Female,48,Standard,21,785,0,0,0
CUST0458,Female,68,Premium,49,1020,2,0,0
CUST0459,Male,68,Basic,31,393,0,0,0
CUST0460,Male,53,Basic,25,393,2,1,0
CUST0461,Female,53,Basic,23,354,1,0,1
CUST0462,Male,43,Standard,24,701,3,0,1
CUST0463,Female,60,Standard,57,679,3,0,0
CUST0464,Male,44,Standard,38,636,2,0,0
CUST0465,Female,22,Basic,28,410,3,0,0
CUST0466,Male,37,Basic,21,374,2,0,0
CUST0467,Female,28,Standard,54,787,1,0,1
CUST0468,Male,27,Standard,43,736,0,0,0
CUST0469,Male,57,Premium,18,989,2,0,0
CUST0470,Female,55,Basic,36,311,0,0,1
CUST0471,Male,23,Standard,35,689,1,0,0
CUST0472,Female,25,Standard,45,602,0,0,0
CUST0473,Male,40,Standard,55,772,0,0,0
CUST0474,Female,64,Standard,9,555,4,0,0
CUST0475,Male,43,Standard,53,601,2,0,0
CUST0476,Female,63,Premium,38,1032,0,0,0
CUST0477,Male,60,Basic,58,476,3,0,0
CUST0478,Female,29,Basic,30,438,0,0,0
CUST0479,Male,43,Standard,44,562,1,0,0
CUST0480,Female,30,Standard,34,655,2,0,0
CUST0481,Female,57,Basic,32,305,2,1,0
CUST0482,Female,35,Basic,3,327,1,1,1
CUST0483,Male,42,Basic,3,336,4,0,0
CUST0484,Female,50,Premium,28,963,1,0,1
CUST0485,Male,64,Basic,44,357,2,0,0
CUST0486,Female,57,Basic,15,357,3,0,0
CUST0487,Male,60,Basic,41,487,0,0,0
CUST0488,Female,29,Basic,23,398,2,0,0
CUST0489,Male,61,Basic,40,483,1,0,0
CUST0490,Male,53,Standard,11,709,1,0,0
CUST0491,Female,65,Basic,48,339,1,0,1
CUST0492,Male,21,Premium,32,1166,1,0,0
CUST0493,Male,22,Basic,58,443,2,0,0
CUST0494,Female,54,Standard,59,641,2,0,0
CUST0495,Male,25,Premium,57,866,1,0,0
CUST0496,Male,59,Standard,54,617,2,0,0
CUST0497,Male,66,Standard,36,509,3,0,0
CUST0498,Female,45,Basic,33,366,2,0,0
CUST0499,Male,48,Basic,24,494,2,0,1
CUST0500,Female,26,Standard,39,662,3,0,0
CUST0501,Male,68,Premium,34,1081,1,0,0
CUST0502,Male,46,Standard,56,661,1,1,0
CUST0503,Male,31,Standard,28,639,2,0,0
CUST0504,Female,57,Standard,37,675,0,0,0
CUST0505,Male,58,Standard,7,628,2,0,0
CUST0506,Male,39,Basic,4,388,0,1,1
CUST0507,Female,28,Standard,37,648,1,0,0
CUST0508,Male,40,Premium,56,1013,0,1,0
CUST0509,Female,18,Basic,1,489,1,0,0
CUST0510,Female,63,Standard,1,749,1,0,0
CUST0511,Male,54,Basic,47,479,2,1,0
CUST0512,Female,38,Standard,20,569,1,0,1
CUST0513,Male,43,Basic,19,406,2,0,0
CUST0514,Female,63,Standard,29,590,1,0,0
CUST0515,Female,53,Standard,10,726,2,0,1
CUST0516,Male,40,Basic,18,403,1,0,1
CUST0517,Female,18,Standard,28,539,1,0,0
CUST0518,Female,68,Standard,35,679,1,0,0
CUST0519,Female,57,Premium,43,804,2,0,0
CUST0520,Female,32,Basic,47,421,2,1,1
CUST0521,Female,38,Basic,31,354,0,0,0
CUST0522,Male,64,Basic,27,486,1,0,1
CUST0523,Female,26,Premium,11,872,0,0,0
CUST0524,Male,26,Premium,49,801,4,0,0
CUST0525,Female,27,Standard,49,687,1,0,0
CUST0526,Male,69,Premium,38,907,2,1,0
CUST0527,Male,43,Standard,5,589,1,0,0
CUST0528,Female,58,Standard,8,719,0,0,0
CUST0529,Female,52,Basic,34,393,0,0,0
CUST0530,Female,69,Standard,48,683,4,0,0
CUST0531,Male,42,Basic,52,330,0,1,0
CUST0532,Female,43,Premium,56,839,1,0,1
CUST0533,Male,28,Standard,12,610,2,0,0
CUST0534,Male,55,Standard,38,748,0,0,0
CUST0535,Male,19,Basic,1,481,0,0,0
CUST0536,Female,24,Basic,31,465,3,0,0
CUST0537,Female,35,Basic,4,307,1,0,0
CUST0538,Male,44,Basic,49,316,0,0,0
CUST0539,Male,51,Basic,45,440,2,0,0
CUST0540,Female,44,Premium,50,1061,2,0,0
CUST0541,Male,34,Standard,5,513,3,1,0
CUST0542,Female,60,Basic,30,371,0,1,0
CUST0543,Male,61,Basic,56,326,0,0,0
CUST0544,Female,68,Standard,24,744,0,0,1
CUST0545,Male,41,Standard,59,505,2,0,0
CUST0546,Female,42,Standard,3,716,1,0,1
CUST0547,Male,24,Premium,11,819,1,0,1
CUST0548,Female,69,Standard,45,697,1,0,0
CUST0549,Female,23,Premium,4,945,1,1,1
CUST0550,Male,41,Premium,26,1048,1,1,0
CUST0551,Male,50,Basic,27,313,0,0,0
CUST0552,Female,66,Premium,46,1174,0,0,0
CUST0553,Male,46,Basic,54,442,1,0,0
CUST0554,Female,60,Premium,43,962,3,0,0
CUST0555,Male,39,Basic,27,459,0,0,0
CUST0556,Female,43,Premium,42,1126,0,0,0
CUST0557,Female,45,Premium,51,864,1,1,0
CUST0558,Female,67,Premium,50,963,0,0,0
CUST0559,Female,38,Standard,6,627,0,0,1
CUST0560,Female,66,Basic,59,464,1,0,0
CUST0561,Female,24,Basic,15,339,2,0,0
CUST0562,Male,34,Standard,53,689,0,0,0
CUST0563,Male,37,Basic,30,472,0,1,1
CUST0564,Male,58,Standard,42,786,5,0,0
CUST0565,Female,66,Basic,37,435,1,0,0
CUST0566,Female,37,Premium,58,1000,0,0,0
CUST0567,Female,39,Standard,37,763,0,0,0
CUST0568,Female,45,Premium,42,924,3,0,1
CUST0569,Male,57,Basic,37,356,0,0,0
CUST0570,Male,66,Premium,35,1172,2,0,0
CUST0571,Female,24,Premium,23,897,1,0,0
CUST0572,Male,18,Standard,6,672,1,0,0
CUST0573,Male,49,Standard,4,621,1,0,1
CUST0574,Female,30,Standard,18,592,2,0,0
CUST0575,Male,47,Basic,9,331,1,0,0
CUST0576,Female,40,Standard,49,595,0,0,1
CUST0577,Male,68,Basic,29,305,2,0,0
CUST0578,Female,36,Basic,13,422,1,0,0
CUST0579,Female,49,Basic,59,342,1,0,1
CUST0580,Female,47,Basic,47,490,3,0,0
CUST0581,Female,46,Basic,52,459,2,0,1
CUST0582,Male,66,Basic,17,321,2,0,0
CUST0583,Female,62,Premium,45,1066,4,0,0
CUST0584,Female,46,Standard,32,575,3,0,0
CUST0585,Female,47,Premium,48,817,0,0,0
CUST0586,Male,33,Standard,22,750,2,0,0
CUST0587,Female,57,Basic,4,372,1,0,0
CUST0588,Male,36,Standard,5,624,1,0,1
CUST0589,Female,35,Standard,37,546,1,1,0
CUST0590,Male,18,Basic,41,329,3,0,0
CUST0591,Male,31,Standard,49,524,0,0,0
CUST0592,Female,68,Basic,13,357,1,0,0
CUST0593,Male,64,Standard,34,524,4,0,0
CUST0594,Female,67,Standard,45,615,1,0,0
CUST0595,Female,19,Basic,22,309,2,0,1
CUST0596,Female,45,Basic,53,384,2,1,0
CUST0597,Male,66,Standard,59,708,1,1,1
CUST0598,Male,67,Standard,23,757,1,0,0
CUST0599,Female,47,Basic,51,420,4,0,1
CUST0600,Female,55,Premium,3,1040,2,0,1
CUST0601,Male,68,Basic,42,317,2,0,0
CUST0602,Female,21,Standard,34,761,2,0,0
CUST0603,Female,18,Premium,32,1103,3,0,0
CUST0604,Female,25,Basic,45,341,2,0,0
CUST0605,Male,46,Basic,51,376,1,0,0
CUST0606,Male,56,Basic,58,358,2,0,1
CUST0607,Male,20,Basic,49,371,1,1,0
CUST0608,Female,49,Basic,21,410,2,0,0
CUST0609,Female,27,Standard,46,640,2,0,0
CUST0610,Female,27,Basic,44,342,2,0,0
CUST0611,Male,36,Standard,21,791,2,0,0
CUST0612,Female,63,Premium,44,1007,2,0,0
CUST0613,Female,51,Premium,11,917,1,0,1
CUST0614,Female,50,Standard,39,674,0,0,0
CUST0615,Female,40,Basic,4,400,2,0,0
CUST0616,Male,45,Standard,51,570,0,0,0
CUST0617,Male,49,Standard,1,792,0,0,0
CUST0618,Female,67,Standard,28,727,2,0,1
CUST0619,Male,24,Basic,24,405,1,0,1
CUST0620,Male,46,Premium,35,1110,0,0,0
CUST0621,Female,25,Standard,13,647,0,0,0
CUST0622,Female,18,Basic,47,369,1,0,1
CUST0623,Male,20,Basic,34,449,1,1,0
CUST0624,Female,41,Standard,11,529,3,0,0
CUST0625,Male,40,Premium,36,940,2,0,0
CUST0626,Female,25,Standard,51,720,1,0,0
CUST0627,Male,64,Standard,17,679,1,0,0
CUST0628,Female,54,Basic,35,463,4,0,0
CUST0629,Male,20,Standard,18,615,2,1,0
CUST0630,Male,68,Standard,40,647,1,0,0
CUST0631,Male,50,Basic,22,331,1,0,0
CUST0632,Female,45,Basic,57,304,1,0,0
CUST0633,Male,64,Standard,24,777,0,0,0
CUST0634,Male,25,Basic,58,343,3,1,0
CUST0635,Female,51,Standard,19,636,2,0,0
CUST0636,Female,52,Basic,37,394,0,0,0
CUST0637,Male,49,Basic,39,446,5,0,1
CUST0638,Male,41,Basic,21,462,0,0,1
CUST0639,Female,31,Premium,8,1087,1,0,0
CUST0640,Female,49,Premium,28,1171,3,0,0
CUST0641,Female,63,Premium,5,993,1,0,0
CUST0642,Female,60,Standard,17,772,2,0,0
CUST0643,Female,33,Basic,37,443,2,0,0
CUST0644,Male,21,Standard,36,744,1,0,0
CUST0645,Female,69,Standard,54,628,3,0,1
CUST0646,Male,54,Premium,19,1126,1,0,0
CUST0647,Male,38,Basic,27,453,2,0,0
CUST0648,Male,31,Standard,53,546,2,1,1
CUST0649,Female,48,Basic,34,405,2,0,0
CUST0650,Male,65,Basic,11,405,0,1,0
CUST0651,Male,35,Standard,54,518,1,1,1
CUST0652,Female,24,Standard,45,670,4,0,1
CUST0653,Male,27,Basic,47,494,0,0,0
CUST0654,Male,24,Basic,12,326,1,0,0
CUST0655,Female,50,Standard,54,681,0,0,0
CUST0656,Male,40,Standard,21,665,2,0,0
CUST0657,Male,38,Premium,54,1180,4,0,0
CUST0658,Male,36,Premium,11,1095,3,0,0
CUST0659,Female,65,Standard,39,541,0,0,0
CUST0660,Female,36,Basic,28,464,1,0,1
CUST0661,Female,53,Standard,5,684,0,0,0
CUST0662,Male,46,Standard,17,782,1,0,0
CUST0663,Male,35,Basic,56,379,3,0,0
CUST0664,Female,19,Premium,20,872,0,0,0
CUST0665,Male,18,Basic,41,375,3,0,0
CUST0666,Male,64,Premium,46,975,2,1,0
CUST0667,Female,22,Standard,58,538,2,0,0
CUST0668,Female,37,Standard,12,623,1,0,0
CUST0669,Male,28,Standard,6,658,2,0,0
CUST0670,Male,59,Premium,17,1084,1,0,0
CUST0671,Male,19,Standard,51,511,1,0,0
CUST0672,Female,20,Standard,19,624,6,1,1
CUST0673,Female,40,Basic,26,323,2,0,0
CUST0674,Female,29,Standard,48,645,1,1,0
CUST0675,Female,37,Basic,44,441,2,0,0
CUST0676,Male,22,Standard,44,649,0,0,1
CUST0677,Female,54,Standard,52,521,0,0,0
CUST0678,Female,55,Standard,32,716,2,1,0
CUST0679,Female,47,Basic,6,460,2,0,0
CUST0680,Female,26,Basic,55,317,1,0,0
CUST0681,Female,51,Standard,58,622,0,0,0
CUST0682,Male,61,Basic,36,486,1,0,0
CUST0683,Male,52,Basic,38,497,1,0,0
CUST0684,Female,69,Basic,11,360,0,1,1
CUST0685,Male,39,Premium,33,843,1,0,0
CUST0686,Female,61,Standard,24,668,0,0,0
CUST0687,Female,41,Basic,23,343,1,0,1
CUST0688,Male,34,Basic,15,408,0,0,0
CUST0689,Male,27,Basic,27,386,5,0,0
CUST0690,Female,47,Standard,11,705,4,0,0
CUST0691,Female,63,Standard,57,744,3,0,0
CUST0692,Female,40,Basic,51,398,1,0,0
CUST0693,Male,49,Basic,50,409,1,1,1
CUST0694,Female,34,Basic,17,467,0,1,1
CUST0695,Female,67,Standard,51,632,1,0,0
CUST0696,Female,68,Standard,53,594,3,0,0
CUST0697,Male,34,Basic,14,493,2,1,1
CUST0698,Female,31,Basic,27,371,0,0,0
CUST0699,Female,26,Basic,18,471,1,0,0
CUST0700,Male,57,Premium,28,1143,3,1,0
CUST0701,Female,19,Basic,51,456,2,0,0
CUST0702,Female,62,Standard,47,598,1,0,0
CUST0703,Male,42,Standard,47,692,2,0,0
CUST0704,Female,56,Basic,4,357,1,0,0
CUST0705,Male,26,Basic,7,380,2,0,0
CUST0706,Male,39,Basic,45,369,2,0,0
CUST0707,Female,60,Standard,35,660,0,0,0
CUST0708,Female,63,Standard,48,662,2,0,1
CUST0709,Female,21,Standard,9,703,1,0,0
CUST0710,Female,43,Standard,8,775,1,0,0
CUST0711,Male,46,Basic,52,466,2,0,0
CUST0712,Female,62,Premium,45,972,1,0,0
CUST0713,Male,51,Standard,17,640,1,0,0
CUST0714,Female,40,Basic,17,487,0,0,0
CUST0715,Female,54,Premium,49,1010,1,0,0
CUST0716,Female,28,Standard,33,699,2,0,0
CUST0717,Male,23,Standard,32,739,1,0,0
CUST0718,Female,35,Standard,8,798,3,0,0
CUST0719,Female,38,Premium,19,819,2,0,0
CUST0720,Female,59,Standard,38,710,0,0,0
CUST0721,Female,53,Basic,3,338,0,0,0
CUST0722,Male,58,Basic,59,482,2,1,1
CUST0723,Female,55,Premium,5,1093,3,0,0
CUST0724,Male,51,Basic,13,397,0,0,0
CUST0725,Male,34,Basic,47,473,2,0,0
CUST0726,Male,54,Standard,46,719,2,0,0
CUST0727,Male,42,Standard,31,731,2,1,0
CUST0728,Male,55,Standard,55,551,0,0,0
CUST0729,Male,29,Premium,16,1066,2,0,0
CUST0730,Female,40,Basic,50,402,2,0,0
CUST0731,Male,59,Basic,32,409,0,0,0
CUST0732,Male,39,Basic,22,416,0,0,0
CUST0733,Male,38,Premium,29,1176,1,0,0
CUST0734,Female,44,Standard,22,588,1,0,0
CUST0735,Female,48,Basic,43,417,1,0,0
CUST0736,Male,23,Premium,3,874,1,0,1
CUST0737,Female,44,Premium,54,1165,2,0,1
CUST0738,Male,57,Premium,10,1147,3,0,0
CUST0739,Male,51,Premium,42,1078,1,0,1
CUST0740,Female,29,Basic,21,327,3,0,1
CUST0741,Male,62,Standard,16,525,2,0,0
CUST0742,Female,24,Standard,12,663,3,0,1
CUST0743,Female,27,Premium,2,1085,2,1,0
CUST0744,Male,62,Standard,41,772,4,0,0
CUST0745,Male,34,Standard,24,592,2,0,0
CUST0746,Female,43,Standard,35,609,1,0,0
CUST0747,Male,38,Basic,56,478,1,0,0
CUST0748,Male,45,Standard,30,563,0,0,0
CUST0749,Male,63,Premium,57,1016,1,0,0
CUST0750,Female,19,Premium,30,1136,1,0,0
CUST0751,Female,60,Basic,47,468,3,0,1
CUST0752,Male,18,Basic,35,424,1,0,0
CUST0753,Female,68,Basic,19,460,0,0,0
CUST0754,Female,53,Standard,50,687,2,0,0
CUST0755,Female,68,Premium,8,1017,0,0,0
CUST0756,Female,43,Basic,26,303,0,0,0
CUST0757,Female,46,Standard,49,688,2,0,0
CUST0758,Male,38,Premium,40,1091,2,0,0
CUST0759,Male,28,Standard,7,743,1,0,0
CUST0760,Male,57,Standard,30,782,1,0,0
CUST0761,Female,28,Standard,7,645,0,1,0
CUST0762,Female,53,Standard,3,515,1,0,0
CUST0763,Male,66,Basic,1,346,1,1,1
CUST0764,Female,56,Standard,36,759,1,1,1
CUST0765,Male,57,Standard,25,538,4,0,0
CUST0766,Male,52,Premium,37,1077,2,0,0
CUST0767,Male,51,Standard,1,607,2,0,0
CUST0768,Female,64,Standard,15,517,1,0,0
CUST0769,Female,41,Basic,37,480,5,0,1
CUST0770,Male,39,Standard,13,586,1,0,0
CUST0771,Male,22,Basic,40,433,3,0,0
CUST0772,Male,50,Basic,8,499,1,1,0
CUST0773,Male,53,Standard,5,600,2,0,0
CUST0774,Female,64,Premium,9,1048,2,0,0
CUST0775,Female,37,Basic,1,469,0,0,0
CUST0776,Male,36,Standard,36,617,1,1,1
CUST0777,Male,52,Premium,35,1131,3,0,0
CUST0778,Female,69,Basic,2,328,2,0,0
CUST0779,Female,60,Standard,40,616,2,0,0
CUST0780,Male,34,Standard,23,679,2,0,0
CUST0781,Male,62,Standard,9,773,0,0,0
CUST0782,Male,60,Basic,34,434,4,0,1
CUST0783,Female,51,Basic,46,465,0,0,0
CUST0784,Female,26,Standard,14,594,2,0,0
CUST0785,Female,43,Standard,4,567,1,0,0
CUST0786,Male,19,Basic,30,495,0,1,0
CUST0787,Male,26,Standard,31,671,0,0,0
CUST0788,Female,26,Basic,38,433,2,1,0
CUST0789,Female,57,Standard,11,554,2,0,0
CUST0790,Male,34,Basic,35,443,0,0,0
CUST0791,Female,18,Premium,8,1064,0,0,0
CUST0792,Female,42,Basic,3,485,2,0,1
CUST0793,Male,60,Basic,14,496,2,0,1
CUST0794,Female,57,Basic,13,486,1,0,0
CUST0795,Male,59,Basic,45,421,2,0,0
CUST0796,Male,42,Premium,32,1147,1,0,0
CUST0797,Male,56,Premium,34,805,3,0,0
CUST0798,Male,52,Basic,45,439,1,0,0
CUST0799,Male,20,Standard,19,646,1,0,0
CUST0800,Male,67,Standard,59,507,6,0,0
CUST0801,Male,54,Premium,38,1187,1,0,0
CUST0802,Female,61,Standard,16,584,1,0,0
CUST0803,Male,61,Basic,2,435,2,0,1
CUST0804,Male,68,Standard,40,508,0,0,0
CUST0805,Female,47,Standard,17,514,1,0,0
CUST0806,Female,55,Basic,55,401,0,0,0
CUST0807,Female,51,Standard,34,612,0,0,0
CUST0808,Male,29,Basic,42,309,1,0,0
CUST0809,Female,36,Standard,16,511,3,0,0
CUST0810,Male,54,Basic,38,487,2,1,0
CUST0811,Male,61,Standard,2,778,0,0,0
CUST0812,Male,66,Standard,2,524,2,0,0
CUST0813,Male,34,Standard,26,640,1,1,0
CUST0814,Female,27,Basic,13,377,3,1,0
CUST0815,Female,66,Standard,56,591,2,0,1
CUST0816,Male,64,Standard,47,654,1,0,0
CUST0817,Male,29,Standard,31,636,0,1,0
CUST0818,Male,33,Standard,34,748,3,0,0
CUST0819,Female,41,Standard,39,505,3,1,0
CUST0820,Male,36,Premium,3,1068,2,0,0
CUST0821,Male,25,Basic,8,496,2,0,1
CUST0822,Female,48,Premium,23,1100,0,0,0
CUST0823,Female,38,Standard,14,674,0,0,0
CUST0824,Male,34,Basic,56,375,1,0,0
CUST0825,Female,40,Basic,55,482,1,1,0
CUST0826,Female,54,Basic,27,334,1,0,0
CUST0827,Male,33,Standard,54,544,1,0,0
CUST0828,Female,23,Standard,29,550,2,0,0
CUST0829,Male,25,Standard,39,774,1,0,0
CUST0830,Female,42,Standard,53,719,2,0,0
CUST0831,Male,35,Standard,39,686,0,0,0
CUST0832,Male,42,Basic,1,446,2,0,1
CUST0833,Male,29,Basic,17,479,1,0,0
CUST0834,Female,32,Standard,41,536,1,0,0
CUST0835,Male,43,Basic,30,397,3,0,0
CUST0836,Female,58,Basic,53,379,1,1,0
CUST0837,Male,62,Standard,13,649,2,0,0
CUST0838,Male,43,Standard,21,672,0,0,0
CUST0839,Female,64,Premium,19,1013,1,0,0
CUST0840,Male,49,Premium,53,1031,1,0,0
CUST0841,Male,27,Standard,19,564,1,0,0
CUST0842,Female,33,Standard,57,614,2,0,0
CUST0843,Male,24,Standard,25,657,1,0,0
CUST0844,Male,34,Standard,22,724,2,0,0
CUST0845,Male,40,Basic,31,402,2,0,0
CUST0846,Male,43,Standard,17,667,2,0,0
CUST0847,Female,38,Premium,55,1139,1,0,0
CUST0848,Female,39,Basic,23,390,1,0,0
CUST0849,Male,24,Standard,32,744,0,0,0
CUST0850,Female,31,Standard,10,786,1,0,0
CUST0851,Male,32,Basic,10,389,0,1,0
CUST0852,Female,24,Basic,36,344,1,1,0
CUST0853,Male,26,Basic,8,386,2,0,0
CUST0854,Male,68,Basic,54,416,1,0,0
CUST0855,Male,65,Basic,52,468,0,0,0
CUST0856,Male,25,Premium,20,1130,1,1,0
CUST0857,Male,67,Basic,32,337,2,0,0
CUST0858,Male,40,Standard,50,667,2,0,0
CUST0859,Female,46,Basic,14,416,0,0,0
CUST0860,Male,35,Premium,50,1040,2,0,0
CUST0861,Female,48,Basic,28,415,2,1,0
CUST0862,Male,47,Standard,46,500,1,0,0
CUST0863,Female,69,Premium,52,1144,0,0,0
CUST0864,Female,56,Premium,53,1020,1,0,0
CUST0865,Female,52,Basic,24,446,2,0,0
CUST0866,Male,35,Premium,15,1128,2,0,0
CUST0867,Male,59,Standard,22,541,3,0,0
CUST0868,Female,56,Standard,30,533,2,1,0
CUST0869,Male,34,Basic,4,424,1,0,0
CUST0870,Female,31,Basic,13,320,0,0,0
CUST0871,Male,48,Standard,59,547,2,1,0
CUST0872,Female,41,Standard,23,509,0,0,0
CUST0873,Female,52,Standard,8,587,2,0,0
CUST0874,Male,61,Standard,18,514,4,0,0
CUST0875,Female,62,Standard,12,667,2,0,0
CUST0876,Male,51,Basic,55,408,0,0,1
CUST0877,Female,20,Standard,31,708,2,1,0
CUST0878,Female,54,Basic,14,442,1,0,0
CUST0879,Male,60,Standard,34,568,1,0,0
CUST0880,Male,57,Standard,18,775,2,0,0
CUST0881,Male,43,Premium,56,1057,3,0,0
CUST0882,Female,40,Basic,34,392,0,0,0
CUST0883,Male,61,Basic,11,469,4,0,0
CUST0884,Female,56,Basic,41,488,1,1,0
CUST0885,Female,32,Basic,12,307,0,0,0
CUST0886,Male,66,Basic,49,409,0,0,0
CUST0887,Male,21,Premium,15,898,2,0,0
CUST0888,Female,46,Basic,57,341,0,0,0
CUST0889,Female,39,Basic,31,440,4,0,0
CUST0890,Male,42,Standard,49,572,1,0,0
CUST0891,Male,30,Standard,58,629,0,0,0
CUST0892,Male,35,Standard,29,559,3,0,0
CUST0893,Male,50,Basic,26,402,1,0,0
CUST0894,Male,33,Standard,18,650,1,0,0
CUST0895,Female,62,Basic,32,478,1,0,0
CUST0896,Female,59,Basic,22,388,1,0,1
CUST0897,Female,61,Premium,38,929,2,0,1
CUST0898,Female,19,Basic,17,452,0,0,0
CUST0899,Male,52,Standard,23,719,2,0,0
CUST0900,Male,59,Standard,24,569,4,0,0
CUST0901,Male,51,Basic,50,485,0,0,0
CUST0902,Female,47,Premium,8,1124,2,0,0
CUST0903,Female,30,Basic,41,358,1,0,1
CUST0904,Male,30,Standard,6,514,2,0,0
CUST0905,Male,35,Premium,5,982,1,0,0
CUST0906,Female,49,Standard,44,599,2,0,0
CUST0907,Female,49,Premium,57,910,2,1,0
CUST0908,Male,52,Basic,29,478,0,0,0
CUST0909,Male,56,Standard,28,582,3,0,0
CUST0910,Female,63,Basic,11,316,0,0,0
CUST0911,Male,69,Standard,57,654,3,1,1
CUST0912,Male,46,Premium,1,805,2,0,0
CUST0913,Male,66,Basic,43,451,1,0,0
CUST0914,Female,46,Standard,19,625,5,1,0
CUST0915,Female,61,Basic,9,473,0,0,1
CUST0916,Female,33,Standard,27,614,1,0,0
CUST0917,Female,61,Standard,34,574,1,0,0
CUST0918,Female,64,Premium,44,889,0,0,0
CUST0919,Female,27,Standard,4,520,1,0,1
CUST0920,Female,47,Basic,36,483,1,0,0
CUST0921,Male,42,Basic,18,371,1,0,0
CUST0922,Male,56,Basic,15,411,2,0,0
CUST0923,Male,37,Basic,51,358,2,0,0
CUST0924,Male,22,Basic,13,456,1,0,0
CUST0925,Male,18,Premium,19,834,1,0,0
CUST0926,Male,47,Standard,49,745,2,1,0
CUST0927,Male,66,Standard,6,506,0,0,0
CUST0928,Female,20,Basic,48,300,0,0,0
CUST0929,Female,62,Premium,56,886,2,0,1
CUST0930,Male,31,Standard,12,622,1,0,0
CUST0931,Male,47,Basic,51,341,1,0,0
CUST0932,Female,67,Standard,37,686,1,0,0
CUST0933,Male,21,Standard,17,547,0,0,0
CUST0934,Male,35,Basic,58,302,0,0,0
CUST0935,Female,54,Standard,23,769,2,0,0
CUST0936,Male,42,Standard,26,594,0,0,1
CUST0937,Female,65,Basic,29,423,0,0,0
CUST0938,Male,18,Premium,33,1005,1,0,1
CUST0939,Female,63,Premium,27,869,3,0,0
CUST0940,Female,32,Standard,25,770,0,0,0
CUST0941,Female,26,Standard,56,746,3,0,0
CUST0942,Male,32,Standard,55,689,3,0,0
CUST0943,Female,66,Standard,10,688,2,0,0
CUST0944,Male,41,Standard,47,740,1,1,1
CUST0945,Male,21,Basic,23,300,1,0,0
CUST0946,Male,29,Standard,21,597,2,0,0
CUST0947,Male,54,Premium,21,1052,1,1,0
CUST0948,Female,54,Standard,43,537,3,0,0
CUST0949,Female,60,Basic,13,435,1,0,0
CUST0950,Male,23,Standard,37,555,1,0,0
CUST0951,Male,56,Basic,33,392,1,0,0
CUST0952,Female,63,Basic,24,321,3,0,0
CUST0953,Male,41,Basic,44,349,2,0,0
CUST0954,Female,28,Basic,11,412,0,0,0
CUST0955,Male,30,Standard,17,629,3,0,0
CUST0956,Male,51,Standard,4,580,2,0,0
CUST0957,Female,42,Basic,47,368,2,0,0
CUST0958,Male,24,Premium,25,964,3,0,0
CUST0959,Female,69,Premium,30,1121,2,0,0
CUST0960,Male,21,Premium,9,1141,1,0,1
CUST0961,Male,25,Basic,21,363,3,0,1
CUST0962,Male,37,Standard,20,656,3,0,0
CUST0963,Female,46,Premium,19,817,1,0,0
CUST0964,Male,68,Standard,19,596,3,0,0
CUST0965,Male,62,Basic,12,431,2,0,0
CUST0966,Male,63,Basic,37,381,2,0,0
CUST0967,Male,27,Standard,42,531,2,0,0
CUST0968,Female,60,Premium,17,904,2,0,0
CUST0969,Female,51,Standard,37,727,4,0,0
CUST0970,Male,43,Standard,54,789,1,0,0
CUST0971,Female,58,Basic,48,413,1,0,0
CUST0972,Male,66,Standard,39,517,1,1,1
CUST0973,Male,20,Premium,28,970,2,0,0
CUST0974,Male,23,Basic,41,338,0,1,1
CUST0975,Female,22,Standard,35,681,1,1,0
CUST0976,Female,22,Premium,47,1122,0,0,0
CUST0977,Female,64,Basic,48,370,4,0,0
CUST0978,Female,40,Standard,18,762,2,0,0
CUST0979,Female,66,Basic,14,369,4,1,1
CUST0980,Female,26,Standard,35,551,2,0,0
CUST0981,Female,52,Standard,44,784,1,1,1
CUST0982,Female,37,Standard,41,750,1,0,0
CUST0983,Female,66,Standard,7,683,3,0,0
CUST0984,Male,59,Basic,41,497,3,0,0
CUST0985,Female,52,Premium,13,981,1,0,0
CUST0986,Female,67,Standard,18,523,0,0,0
CUST0987,Female,35,Basic,37,474,2,0,0
CUST0988,Female,34,Standard,13,598,3,0,0
CUST0989,Female,41,Standard,36,521,2,0,1
CUST0990,Female,20,Basic,31,425,0,0,0
CUST0991,Female,49,Premium,2,957,0,0,0
CUST0992,Female,52,Premium,16,921,2,0,0
CUST0993,Female,55,Basic,9,316,0,0,0
CUST0994,Female,30,Premium,9,855,1,0,0
CUST0995,Female,64,Basic,38,418,1,0,0
CUST0996,Male,42,Basic,11,413,0,0,0
CUST0997,Male,26,Basic,54,478,1,0,0
CUST0998,Female,21,Premium,56,1178,1,0,0
CUST0999,Female,31,Standard,22,553,2,0,0
CUST1000,Male,54,Basic,33,325,2,0,0
